FOI_Var1,FOI_Var2,FOI_Var3,FOI_Var4,FOI_Var5,R0_Var1,R0_Var2,R0_Var3,R0_Var4,R0_Var5
3.05902E-07,1.12535E-07,1.6919E-10,1.02619E-10,3.77513E-11,0.149568619,0.22313016,0.090717953,0.22313016,0.122456428
